Account1,NACCB3H25ODMP52HXZFYTUQJFVEAC7R4ZPGLBRBK,400
Account2,NACCH2WPJYVQ3PLGMVZVRK5JI6POTJXXHLUG3P4J,400
Account3,NACCAA7IWFKYJJABZPG2V73FDHCO7RW6YSYO5PVI,400
Account4,NACCEOASHHBJ7ST4CERW3YOVZ5UHYJZZ7EFPTUV4,400
Account5,NACCJRLG3LXESLKK3QIXOIH5OW6ZENDDYXCKC5HG,400
Account6,NACCIETJR47ELEYBQ4MBM2HAEDUEU76BNYDIZCW5,400
Account7,NACCDIM5RFHWRCNPROJ7BVDCWZWZRIICRBGIUJ5X,400
Account8,NACCGNHXDVRSUQVS6XCBBLTPTSFFK3HQPXUCBSID,400
Account9,NACCC4BOBOXPWGB4AKUF4AIXBOO3QCB4VIOZM4VZ,400
Account10,NACCFUP4PFQDOQLIQ4FYOC4KLULKNFMXDQ5AFXL7,400
